"icon","id","name","photos","place_id","price_level","rating","reference","scope","types","vicinity","geometry.location.lat","geometry.location.lng","opening_hours.open_now","opening_hours.weekday_text","permanently_closed","borough"
"https://maps.gstatic.com/mapfiles/place_api/icons/shopping-71.png","4700c07b4da8ae8b3dbbb6254dc07c2bcdbef172","Popbar","list(height = list(1366), html_attributions = list(""<a href=\""https://maps.google.com/maps/contrib/114279884542050868320/photos\"">Popbar</a>""), photo_reference = list(""CoQBcwAAAIdPbjW4qJEKLtGpVRbcqof40hOWOXZZKjggkc0LkFw7Bl09eCtWIRRQa1YdEd9So6Zbzz1LdwbSO3dJJXjMrN49OOj-Y_uLajdsPsJBV8qx99G_stVW6fJWWmKtgLiKwLilktJercBHMAfizRfSPsBQrC0rMsg47ol6ZpFbauNSEhDrCujEqLHw46FKxbPRcl2YGhQasItaZ1l-8RLCOIHcarg-i-q4hA""), width = list(1365))","ChIJ4_hJNZJZwokRetOGSRfdlRg","1","4.2","CmRZAAAAU-3lxmutHtYgxaa0sgbn30p8oBnj2J0eVmNQyY-KSbQEclHE_KRXzjDwwL4RUPckFG9XpFZhsdxDZR0tIkscCzOi899DzsIrxC9LvhVMqkuAFadN2K9d3vP5oRNIweclEhCnvwyvUEb282KkMCbQluDNGhSA6XDERlcGc7GQ84jWD4k4V_F3RA","GOOGLE","c(""cafe"", ""food"", ""store"", ""point_of_interest"", ""establishment"")","5 Carmine Street, New York",40.7306,-74.00201,"TRUE","list()",NA,"Manhattan"
"https://maps.gstatic.com/mapfiles/place_api/icons/shopping-71.png","d7228ae5c8d601987798fd88e949a40c33341bac","Culture An American Yogurt Company","list(height = list(612), html_attributions = list(""<a href=\""https://maps.google.com/maps/contrib/114707656177875382272/photos\"">Antonio D&#39;souza</a>""), photo_reference = list(""CoQBcwAAANOgdv5NtT0xkXjfcMLqlMu162ZKeVwg_Kj9yvlJug67ZnckGqWz2LjYYKk6idKGyDIyLPsJXx-pwcij6tzEktq-sy5CccBsrAov2q9wa47BoHbgkTrGhUI6fF_lgOGuMwnviDJxH5WiFft_JFsHnWeeCPESQzhDEHb4KsWS99SwEhC3gWBTIzny8gbw8UISllmWGhT-35zZ_x3Wz4a8V5095zmtl81iBw""), width = list(816))","ChIJQ-qLx5ZZwokRaM1CC9H0Ii8","NULL","4.5","CoQBdQAAACn0CTdf5c09T6EFS8nusJUo6n1CC5fv078k4YPsKlPax1poigJE6IftfBXmu1_LdwHpvDecj4wkbi8gxcI4JxRtWrE5usquG6diwXCISEtLuzO6ru1lf7zZj2Di4cRu7XgC4U2OcrqDNr6ou2dcfVWz6dzzRO8QDGqDLvQv-cEnEhDISclWaAWcWpFmf2SUG5ZvGhSGsm0CIXbolqJC5eYNNNdgj8c1gg","GOOGLE","c(""store"", ""food"", ""point_of_interest"", ""establishment"")","60 West 8th Street, New York",40.73326,-73.99923,"TRUE","list()",NA,"Manhattan"
"https://maps.gstatic.com/mapfiles/place_api/icons/shopping-71.png","183f334a623358d052a3b0f7b7c973050904124c","16 Handles","list(height = list(669), html_attributions = list(""<a href=\""https://maps.google.com/maps/contrib/100753790607183342824/photos\"">16 Handles</a>""), photo_reference = list(""CoQBdwAAAHs34K0HSYeZpFnX4Uaze0-_LGQqtFzyC3djBTPygo7RniCfdNhlHAuJTb3sDD3CTCUcqQ13LZvhgFinQnMcVnO9c0DSauKgHbR_uHjHGN2Lz7_epaokNRQnX9thYRLWrBp9X7xt-b9xKsog92IC4vFZeuLJq01mlJi0OoDHLhu_EhCYGXQYsDFMDKUNTA8vPvxLGhTEEdEsAeAYBYt-USvXZES128dDgw""), width = list(1040))","ChIJPc5KQZxZwokRKfV-SkJtCrE","1","4.3","CmReAAAAc2q9iJiMGG56CjpPZ4_1rh8_jgQp5u1qxTwMmE7r75oJYkJ8keqAob7YRrPPw6faHfozAdwBDNdhDJJWDOIMgoRDNyWgQpizC5jcvYeu2tlg0L66532Kouzgz16iOzzGEhCIwj3336ztbtqPZDS348jXGhS3sTsbj-N9JiF8orRsUJuEiw_6fA","GOOGLE","c(""store"", ""food"", ""point_of_interest"", ""establishment"")","153 2nd Avenue, New York",40.72961,-73.98721,"TRUE","list()",NA,"Manhattan"
"https://maps.gstatic.com/mapfiles/place_api/icons/shopping-71.png","0577399c03c4a46aaa6fe029ced7ef1e411b79a2","Red Mango","list(height = list(576), html_attributions = list(""<a href=\""https://maps.google.com/maps/contrib/104414256156362598750/photos\"">Judith Weng</a>""), photo_reference = list(""CoQBcwAAAGBQBDSAUTyf8KSFP31xyd0H4iFpoyq1LnCYbc5aDxugkU-TR5DK9V2TowKurWG6y6yLFam0out_oAO0yiaKPSO7x_nC3RawwUgymN9bS1Q98w1MXTk7L43GDdhhpEAcyuQQ5_WZlnkxaK8zYFXhzH2scUsWr14ijlV60K28WTq5EhAEfGoWITD9QMcL2982JoGjGhRPGLnZzhfLE81KGsEpaGFciIsEEw""), width = list(1024))","ChIJQ5HDRohZwokRmxkJZZ5FJSw","NULL","4.1","CmRcAAAAKywxzFaujye9kpv6jp9VZYXt0_nTxXXjw-vgkzv29yT25kG8ElWBTzdC-K1ZPbfzTFig4eQWx_LYnExaBP47jFvwqu-V2W48te9WWuj9EyF1T3wWo95_ctuagHpqC050EhBumGV4B6MM3wRZzMoqKdjVGhRB-YCnYPalvplCSfOfAbU_0BQsPQ","GOOGLE","c(""store"", ""food"", ""point_of_interest"", ""establishment"")","203 Grand Street, New York",40.71898,-73.99672,"TRUE","list()",NA,"Manhattan"
"https://maps.gstatic.com/mapfiles/place_api/icons/shopping-71.png","d23a1f5a0f95a2b1c257d084708e6ebe0d6f8dd1","Pinkberry","list(height = list(3264), html_attributions = list(""<a href=\""https://maps.google.com/maps/contrib/104821787665909649338/photos\"">Dennis Brewster</a>""), photo_reference = list(""CoQBcwAAAHaHr-YbxoDDdci1QgO6-Dx2VOu8qb-YjJtdP1tWpLU_EIr-fOU2MUDRvA9_POJeWk2YCYXdywya3vyMNwDOnPtlRuSfKIzLd6JEHyXm5Dm3MTYBF6ROsu4dj541sEtZkxvWmSHNvMH1K8UalZrZmGJLbujP0LGJs7USBJImUvvvEhDXt9K_Zwq2k0wt-jkYl_EzGhQtQchic_Eql062bmgSTp-y-ki4Uw""), width = list(2448))","ChIJWTBX1pdZwokR46QRNoODIOY","2","4.5","CmRdAAAAjC5WadOWFuxxMqk3XGiAMWsu1Jo01VUWIIWnzhUVaOhu7p9Yc-e20XiUyfBWYDPEAiw9y988r4zs7lntgrp05KDsxJ7WRo0qVAykdcd0S4A8-77riG5qKhVezB1rfSPlEhDuXGjP2b8LuGASrB7uMsUEGhSI0WSNsZbfJ4Y9qzfjCpo2QdFAiw","GOOGLE","c(""store"", ""food"", ""point_of_interest"", ""establishment"")","523 Avenue of the Americas, New York",40.73722,-73.99724,"TRUE","list()",NA,"Manhattan"
"https://maps.gstatic.com/mapfiles/place_api/icons/shopping-71.png","1d6c60d5da39ad4c54b5af69c9d0665e34af5c38","Tasti D-Lite","list(height = list(4128), html_attributions = list(""<a href=\""https://maps.google.com/maps/contrib/115437053200538668332/photos\"">Melissa Paris</a>""), photo_reference = list(""CoQBcwAAAOBrDQeMMsyvDduI4599lX5k9m7mXilG7mGrxz7ApxYzxQfO7Vjkd0dN3sHGl2dS9G8bcCQk6FJxRrHHf_NEJUkYmIVPXXVpQ3_BfaqsOFiAJdFeBK6BB_HMXVJsiPS12WYdrra1qdiJQVyX6jtPEj9GkI1_T6-y-yLNH5kYN5nbEhCl2yMgXcKm1ZJnNtFivTmlGhSKRYEfrIPb0zf5ASWnDZjFang0yQ""), width = list(2322))","ChIJrYZlVh9awokR9WoB329mbuo","NULL","NULL","CmRgAAAAbYH-A7bWbHbv-MAH8cb_MW_3lPVvNFiLWGJ7NZnaGmHrhK0IOnJbxY0v_ywzX_aVvztSrAmZZcyVPWbZSLEdZ3AxnBDjpUPhaY9MeAIcJ5nH9bfHHg82-uj5SjlfV67aEhASD4kD8rlJp0dLsFAE7NNaGhRsy87xoYJ0KgQC14kuOifulMhKvw","GOOGLE","c(""store"", ""food"", ""point_of_interest"", ""establishment"")","74 Chambers Street, New York",40.71427,-74.00687,"FALSE","list()",NA,"Manhattan"
"https://maps.gstatic.com/mapfiles/place_api/icons/shopping-71.png","6316eef8d5599624285b45aba338d1585df800c8","Yorganic","list(height = list(648), html_attributions = list(""<a href=\""https://maps.google.com/maps/contrib/115219385039889593496/photos\"">Walkertwentyfour NYC</a>""), photo_reference = list(""CoQBcwAAAJv9nGUqg740tiJgXLIFH8sY7sCIfCzLcbgf2mj7hLhbE3biW5ClajIlohff51OSHHcSz8rLkPkKzU3Ygn0HTayg_OVqgqdYQe_UcFiMlHVkXfetXbSKrVKlqMc_uX3I3HfuEBc075RhxjEnlqPQ1sp8hw-J7LSZHun56vDEOcxHEhCUSRAD4TZ0W7bzVm9jMNbPGhRnSaZdv6qzuslZTVh6PSCuuV7nXg""), width = list(1152))","ChIJQYmJtx5awokRb3hElwYZCec","1","4.4","CmRcAAAAO9qUr3-tQtJUIsatr9OUIqFY0zzUlvvYdLVzlYiX-K5LUCDQjm4e_G51ITbiTCVTDpyKa7z7RohldLIn1QqOA9XHqeeF3VbKmYX4tNR5zA_QJPPBjcgNk55E9_I8T4_jEhDptANlRPw5b7QFdEhrRlMFGhRt7KhAt2eeKWXeA3-NKShbuiXgqA","GOOGLE","c(""meal_takeaway"", ""cafe"", ""grocery_or_supermarket"", ""restaurant"", ""health"", ""food"", ""store"", ""point_of_interest"", ""establishment"")","275 Greenwich Street, New York",40.71503,-74.01107,"FALSE","list()",NA,"Manhattan"
"https://maps.gstatic.com/mapfiles/place_api/icons/shopping-71.png","6f763b1668f0c6446cf760c15f17b37d1dd987e0","Strawberryfields Frozen Yogurt","list(height = list(1367), html_attributions = list(""<a href=\""https://maps.google.com/maps/contrib/116707993342200424883/photos\"">Mary Jones</a>""), photo_reference = list(""CoQBcwAAAGzLEGaa9CYrkkTNGKenjKMV23WtZ1NELMee_B1m1YdtKH9KYFZkjffi_FoUy510VvHkWHT9pauJpo-tO9vO6MPcK8RZHQDZl5tfl7Vt_N3XMcNquM-zV7P13Z1pZ9b7jnnRhFpLjGLaCjTVFXZUdk0RsERY5LlsVGPJ3G9ibc5GEhBF2p5t9tFtfjqik2wm3-27GhQqHqjiQcC2FlMhUUF9b79Los1sWQ""), width = list(2048))","ChIJrwFFNz1awokR7wkMacblzug","1","4.3","CoQBcgAAAL8r65eW_kqvh5hSd5ZRoqIKGl2UxTYUYADS3GW_S7wTDYQE5FT0AVPRLIu5ktmIUBI68uKeYnCs33VsoYDFQka8gMx3jvoLJ3PipErEmUhhv0Wm2sQOhJ6VemUIGwzLUKPcop8ouC200dSrPoz6xG6dshvCSZ5nPMrH_1o3jiTMEhAmUNJDlH7KRa2bvaATMPpQGhQGgCgT5Vm1Ld6jIWoNlFUMl4a07w","GOOGLE","c(""store"", ""food"", ""point_of_interest"", ""establishment"")","50 Fulton Street, New York",40.70822,-74.00486,"FALSE","list()",NA,"Manhattan"
"https://maps.gstatic.com/mapfiles/place_api/icons/shopping-71.png","5856ddeba2d9f296105f9fc7d2861ac0400ea753","Red Mango","list(height = list(3024), html_attributions = list(""<a href=\""https://maps.google.com/maps/contrib/115208811113558078753/photos\"">Vitaliy Burmistrov</a>""), photo_reference = list(""CoQBcwAAAGWhdMPO13Zq18rECHiDsdlnWkCc-DPQsuXiMgeSX01GN5kUlIdx3EA0aQr8rdZOQtxEWPNJks8VcbCWv03tS7oQc044zObd0kPppCDXybmQtVSfwvfaCiK_YCfGVFfDjzS7cH3xxYV1OPaKqIehgKDFU4yBXXlMaz3feRBbWDnxEhAMfGixb41vW2ITl7avCQRTGhSlqzyB1vGNSIb_CKeKJ7ZWLg0bNA""), width = list(4032))","ChIJKXiD-ahZwokRO-5Ragle45A","2","NULL","CmRdAAAAU40B9b6CYg8OS7z2gQq0XYq_VzvR9s8NuUcTonHSirDk1TcPOfKB7DNTxGc-vAKHgVl0iBmMu7Taxmq8Xfafh5nNICUdTIfqM36fqT2UjlRvgp2aGUKXN6OYM2ipqwqxEhCFhtciwnjlf92JfbZhriSKGhTC3It7BxGU8lYJNezb3Wy9bjFZRA","GOOGLE","c(""store"", ""food"", ""point_of_interest"", ""establishment"")","11 West 32nd Street, New York",40.74767,-73.98627,"TRUE","list()",NA,"Manhattan"
"https://maps.gstatic.com/mapfiles/place_api/icons/shopping-71.png","af5cafa7b834ed43896680d9fcfeb40f11ad83e7","16 Handles","list(height = list(630), html_attributions = list(""<a href=\""https://maps.google.com/maps/contrib/102721356955267412141/photos\"">16 Handles</a>""), photo_reference = list(""CoQBcwAAAJSwyZrEfk0bXKhRpvdpBipSbF2STfGQrgJ3mxU2qKHO-o-ji-jWHD4nqfB2dVsDgU2qu3O7zyfooGgEG4WGcDRcmYb79vF2h-U-YUigEPXBS9NU1YT8-lEjCBCf0jUwuv5PKahxWA3xZJC2qSg6DtZ9YsqA2ASsuKrd1mjQOwBnEhDUstjNuWCJS07FihuJRCiWGhSaITxt-HwStxx7HADbPGBZBwlpag""), width = list(630))","ChIJu3zLPa5ZwokRe4FryhnbRF0","NULL","NULL","CmRdAAAAQIRWpXylUCjE7yDnWumA_kroqVqxwaxIShj6YPGBPSjn4PsSuVR4XN7lGrH47JvIO1ZAmxw8MzZw4NAjFubtArkg2Rfo4mKaqiak-xUe6aSX61k055Ethev4U-wEkHpgEhAj1eSvKTO45bFNNLSNbtDeGhSYQCT9gvbquuJ_TdINPAvp_DfERg","GOOGLE","c(""store"", ""food"", ""point_of_interest"", ""establishment"")","4 Pennsylvania Plaza, New York",40.75026,-73.99406,"NULL","NULL",NA,"Manhattan"
"https://maps.gstatic.com/mapfiles/place_api/icons/shopping-71.png","240927edda07689f17a02ae156c9b35562a88ee0","Yogurt IN Love","NULL","ChIJwVt9OhZawokR6alZo41NGpQ","NULL","NULL","CnRiAAAAyVVah9cX5WG_rXoA-CHZ1yWhHEjVLtDiER8cjdO-x52p6ciE15Ocu-YPjHBWl972vahG-w30mrQrGQI0gwV3I2aV7wRaEiAMSpBkqnzVSV7iG7KD9raounbNYR0zxrGbmCg4yBJoNAEwmseD4ov1hBIQLaoyugVcbaEyaA2Hg8nNjRoU1KUMeZhuTd_SWW1AJzzCv1lYBMw","GOOGLE","c(""store"", ""food"", ""point_of_interest"", ""establishment"")","160 Pearl Street, New York",40.70574,-74.00749,"FALSE","list()",NA,"Manhattan"
"https://maps.gstatic.com/mapfiles/place_api/icons/shopping-71.png","554d4930855bfe485535a90e5fb0c23d8f5a1969","Red Mango","NULL","ChIJF4V_Oq5ZwokR7tTFw9hzIVs","2","NULL","CmRcAAAAdpDTsZ_DDFWJegZbjCTFboLseMo-7nlnyo8ezMdFn86w-WcEHXASs7Zu2a6INdfSNkFKL30ksOqxoEwVBTOveURZveQTeRG8Rffrtn6cjX6m-1jcFLSC5NUMaPzuFjDQEhBRZzv26-9HMpw0Qcghk0a2GhSwHkUiU9KlTmWPHHJiGrdDXNI-HQ","GOOGLE","c(""store"", ""food"", ""point_of_interest"", ""establishment"")","234 E 34th St, New York",40.75174,-73.99347,"TRUE","list()",NA,"Manhattan"
"https://maps.gstatic.com/mapfiles/place_api/icons/restaurant-71.png","690cac0f36a3b690b751e7333341c9a054fb4646","CompleteBody","list(height = list(2140), html_attributions = list(""<a href=\""https://maps.google.com/maps/contrib/108427399698816213863/photos\"">Satish Shikhare</a>""), photo_reference = list(""CoQBcwAAADaTCG9GDrxXhzvi5i6F73kSYdCOsq23bt7IEKJLBxE5C9JG-sYP7qmeGC49Kcj5KCOiVBN1_QQSYXlGCyWmJr8bbOgxVXBus2JGSa1ut_W2QGc7MmFK28DypwhD2t7_TW_39ATXm30cgekVpURaY7jKehr3Q0Gq406W43McgNBeEhDyb4rhjwB1n8JEC6ETA7n7GhTyia0fAMToZ1R9KG0UyezDgL_1-Q""), width = list(4192))","ChIJnVNUeBZawokRWw06mlwrXJ4","1","NULL","CmRgAAAAOYOszJe-5HjI3yy1IhxXgYrUO-g507e2wxDHG-j5vQXVWQ2ozxrUU7aR7aNWQcZxh_TUwKAHkH73IDZLGKRJ-NBECwIcSPiKkCb7Y3jozRhZaFXDJOmRmmQ5X2sPgui4EhAryteV7Blhmfy_E9bCwHEEGhR5_9LrSmDSty3IirWMApRk7gbohQ","GOOGLE","c(""cafe"", ""food"", ""store"", ""point_of_interest"", ""establishment"")","10 Hanover Square #1, New York",40.70459,-74.00903,"FALSE","list()",NA,"Manhattan"
"https://maps.gstatic.com/mapfiles/place_api/icons/shopping-71.png","64ae1d8917b677a0799fc008cabaf93f0bb629c8","Red Mango","NULL","ChIJ2bi5WQRZwokRtmA4OccVPrM","2","NULL","CmRdAAAAN1jTCmzU2_wl9E9Vhjt8QaaKbb1ezuMhN0kILM0bMUN9hyMfaz3kXfgZFBrHRWVL9uca--y7CZhO4hEyhORrawTSWlHyx8r_FV4UVhPISURiJvr_bWJww3MaPiBtyPAGEhDcRXbepQ5ReQI13q3nL8HKGhScbpUcGIrVlfe9MXhs-F2bNK-sRg","GOOGLE","c(""store"", ""food"", ""point_of_interest"", ""establishment"")","701 2nd Avenue, New York",40.74721,-73.97444,"FALSE","list()",NA,"Manhattan"
"https://maps.gstatic.com/mapfiles/place_api/icons/shopping-71.png","7f66bdb2306981e037b56082fdb274b09a5e1cb6","Tasti D-Lite","list(height = list(405), html_attributions = list(""<a href=\""https://maps.google.com/maps/contrib/115133701063959865810/photos\"">Tasti D-Lite</a>""), photo_reference = list(""CoQBcwAAAL9D5aoNuuTTQElBKXoyLAZomkTyVOBTqw0ohtA_OTomy3xheqNCL_99wQdoQGTLqcR4gHDl6U4JfjpdXl8r_RwVcuRlRv5lfcAhOfpqhTIpA9A1IaXMl7yfa6yBt-RAzuFUqfYRKBDHmjFYcWHl5XDI6x_VGRSYpOltLLiFrQj6EhDmWt9Qp15xfWgbF_2ajvMVGhSZRejIsJHRMeiaAy9wazN_wiU_wQ""), width = list(720))","ChIJydm1sqtZwokR0WuROmbQRvY","NULL","NULL","CmRgAAAA7qU5RaVHU0qPDuL9Xh784yd5TVbsUG-lXzoqiSjovBlUEbt17MNv17GUw4ayJroATNnLkGds5SUtTODCRggruLm-3oFVFFpZAWi1NuW4wEt4oED7QxXctEjuyqpv4MbPEhC9euuMJB_dvkkDOR58H4K0GhQ4N6Z2PdrI4IU-5C0h_16gc_Wmzw","GOOGLE","c(""store"", ""food"", ""point_of_interest"", ""establishment"")","1021 Avenue of the Americas, New York",40.75261,-73.98617,"FALSE","list()",NA,"Manhattan"
"https://maps.gstatic.com/mapfiles/place_api/icons/shopping-71.png","26fad5db23bacf10f0bc430cc0e6963672b66284","Red Mango","NULL","ChIJZ9LVBv5YwokRh4LqrCM3F90","2","NULL","CmRdAAAAs_RfYDIJDMWlFde0QHg8vRyUvmGFuUdUm_v2P-y53IUbgYF5JqqAk2OCAC3O0IaWFJKdnNJYrm2l-LfPhbHshbfgveopUUt_XlNa-GNWzZojjsadq_hC1mZUO-nPeU6uEhBrE5lTpUNJ5hnEJ0JNwQLtGhRMhEnyGw1y1alapwBfO9m9HIVykA","GOOGLE","c(""store"", ""food"", ""point_of_interest"", ""establishment"")","45 East 45th Street, New York",40.75469,-73.97747,"FALSE","list()",NA,"Manhattan"
"https://maps.gstatic.com/mapfiles/place_api/icons/shopping-71.png","9ddfedc1e36042ae09ebb88ba5edf8268fe405e6","Pinkberry NYC 9th Avenue","list(height = list(1784), html_attributions = list(""<a href=\""https://maps.google.com/maps/contrib/105170431124683218627/photos\"">Marc Gonzalez</a>""), photo_reference = list(""CoQBdwAAANho16FP8HRJOvvWYv9DmS4zklN5fYO6N1j_33UbexzbLvxFXomUh00XyXr_E83T6NEgaEW9WYRslG3BwS3OkiyR9I1RlfJyYsXTNVobs9UJ58a5Cp0rpH3HIEUZ5t8RaDB1s-uEmXPrElmDWtthRrEQJfQf-fRnC24UvNKKv6cEEhAat9mUnehDdokzMCVpZ_lKGhSXsGvCZ_vO0R3ZIrPp0QLCpIs9AQ""), width = list(1602))","ChIJVYHzVVJYwokReDgHusuw7h4","2","4.4","CnRrAAAAhAYGwiy6fm4HRMVYBzOqNd81x9yWxlODXwD0OUvs2G3iVQJGefUoW0TMw_vmEEUtBfAcHzgr1iW3zKiZL6O2ah5wtbiasrYn1xcOOAsDd-qTyfebtxp6TIRBxWxg2dKJmdMuN26BzyaLluxdW_Bt3BIQMJPjbym5HwOuvDTWD5ZNoBoU6zPH3VKMeVhxwJneIi1448lXcvc","GOOGLE","c(""store"", ""food"", ""point_of_interest"", ""establishment"")","596 9th Avenue, New York",40.7588,-73.992,"TRUE","list()",NA,"Manhattan"
"https://maps.gstatic.com/mapfiles/place_api/icons/shopping-71.png","d96ec51aa06a7f11c268deaacefbbc9a52d2ad03","Uptown Swirl","list(height = list(1280), html_attributions = list(""<a href=\""https://maps.google.com/maps/contrib/110088964870653743166/photos\"">Sébastien van Damme</a>""), photo_reference = list(""CoQBcwAAACTehGZuBCGp4Bcs5QLesnm3mRezj9n81zi-RQLyS35R3LT13x00v5esFs1gF95r1WRIuGYjLNRJtK370q1I5KUlnn6USdNdGcY11EhvViNgPV6D7l8znfvgcMA1XQqNiJOC2Cq9ybIr6UrUyDOSosOi40UcVCdp2xF9D5Wkk8cXEhCsfpVs9zoOlCESb15G9R08GhT6ssfqTdziahhL7I3sb9-yAnt5mA""), width = list(1280))","ChIJDxpt4lVYwokRuzHZPN9UwBc","NULL","4.2","CmRfAAAAPbsheFFgUI10vNVY5n4GddOft5-x1WLBaQUhxBIcpipRCtKv04OT0HT_KPNwzepShA_AURL_YypbFgHW3vu2oMj5Daaye8_8En6k0AfmwhITrXa9FYW2DsDUf_FbuYyIEhCikr4bzoGnyJRBd1Vsp1pEGhStFWyu5lzSverjLpRXQ4Ut0U_VOQ","GOOGLE","c(""store"", ""food"", ""point_of_interest"", ""establishment"")","Between 48 and 49th streets on 7th avenue, 732 7th Avenue, New York",40.76043,-73.98427,"NULL","NULL",NA,"Manhattan"
"https://maps.gstatic.com/mapfiles/place_api/icons/shopping-71.png","4f97bec246cab5edb0accb686654092a2502eb35","Yoart Frozen Yogurt Boutique","NULL","ChIJiZh_hPBYwokRsD2iA5IeRLg","NULL","NULL","CnRwAAAALDbTih-W-edeYqO4Ic8WyK5LhUDxtpBSU_TuuX8fYDvvqv0Jv0-3KB8mHBXd2sJ61iJP9Qiq_NbkN8vAiTfF8IygMnqtio5fyF1khLwAg1tMs3qxOJ6xEOnfMsmFU6Bghtzs9yEzxLYU8d2bbIm4rxIQv8OZ1cLkZ_0ESvalAEozFBoUi85Kyew_s6Z7cRdPLAROZK7QPX0","GOOGLE","c(""store"", ""food"", ""point_of_interest"", ""establishment"")","1 West 58th Street, New York",40.76418,-73.97427,"FALSE","list()",NA,"Manhattan"
"https://maps.gstatic.com/mapfiles/place_api/icons/shopping-71.png","92bedfa42a420006464c8eaea9141b967ff2273c","Frannie's YoArt at The Plaza Food Hall","list(height = list(1200), html_attributions = list(""<a href=\""https://maps.google.com/maps/contrib/117627987527620565818/photos\"">Frannie&#39;s YoArt at The Plaza Food Hall</a>""), photo_reference = list(""CoQBdwAAAK0aK2RDX0YEp2-UBANKP4BwI6NafVYz5WR_xJYLpJlE9N08ui6BVlemGRm07Suos7Vs6do5unnf3_kuMU9qmk9_h6jF30721NC5rsHsW1Qsm_zmIirYLklNoGziV2MCyTFawkrFedlI1LRb01EJXFOjc5CDn9e3nMeHQiAv7frGEhAXi9EpBfSVVUfTws0MmGVYGhQaBk4_eY4d1UO879DREnl90k9BdQ""), width = list(1800))","ChIJ6bcCYvBYwokRrHxyf9VoIzs","1","4.3","CoQBeQAAAB65ahvZVZgtbHX5oVEYij5N7dnwOI0EthStD_OblLM9rB8KLaKBSpLBxSK8RV19zgFCSJUTuh8__DFMplM42RBv44TseOKydG_4SdUDQUNj7UGA7kAtI3P5c2S-EqjFiagMpmr868zmuVlKIJkxyGeFOdn8ee48mVL7mnOomlqSEhDcME6nXtPe4MzWKR_xpy7zGhQTS2Ynx1_WmJOqSQ9EjD77_ZONHQ","GOOGLE","c(""store"", ""food"", ""point_of_interest"", ""establishment"")","1 West 59th Street, New York",40.76473,-73.97454,"FALSE","list()",NA,"Manhattan"
"https://maps.gstatic.com/mapfiles/place_api/icons/shopping-71.png","9ec46d5681a6ecf0436af75f7ff4eabb77242f87","Ray's Candy Store","list(height = list(354), html_attributions = list(""<a href=\""https://maps.google.com/maps/contrib/104453022838528935624/photos\"">Ray&#39;s Candy Store</a>""), photo_reference = list(""CoQBcwAAACZb1JV9T7pz_K82qQmxx8udDAlruj9y36xa-RB3hoVugGKTWVh1kZEpbTSEJfVdPDywpVHoqy78G0wVmdCtTA-z439FP84AJfwSegcELkIvii3lj3a2lXvkGd5zP5wsz7P_L5pC6X9A_ExEfzZBCE_Nd1o1Et-SOb5L_exQwPzkEhDAM4YLEQfjh_nSHNwpdQRQGhSs56bBsmErwRZWyiQmuriAfQeZvA""), width = list(354))","ChIJzWP0UJ1ZwokR99xSXUOZZ08","1","4.6","CnRkAAAAZWckENaocUamJ-WmQaCBm6tyIPvLp1UQHPGPVzdniO61gSvgzxK8EthQyra1NwHLixAJ4RVaMkcHJv7-81EVmZSmlFRjGf6gacvdpl6wcD88GajvigKE9DGY6MB32yZyPMyjQKW-FNrhX1dCS8CU5BIQtmkWr7eEWJzKq5GPujs7XxoUw-jCTwv_tYNkoRdEVpYjl0XnWcg","GOOGLE","c(""cafe"", ""restaurant"", ""store"", ""food"", ""point_of_interest"", ""establishment"")","113 Avenue A, New York",40.72631,-73.98368,"TRUE","list()",NA,"Manhattan"
"https://maps.gstatic.com/mapfiles/place_api/icons/shopping-71.png","017d7bbd3a31a7f271d5f34ed1a4f54e4c7560df","16 Handles","list(height = list(325), html_attributions = list(""<a href=\""https://maps.google.com/maps/contrib/108073677650156188948/photos\"">16 Handles</a>""), photo_reference = list(""CoQBdwAAAGGTjzOXWpAg1wZm4_ZLIkHgHA9JhgmT0mFBb6uP0-mBcSJ_1dpGdzSG8QB9iI9y-39NY9LHHu_0H9ZbBpMTworGvTE0jIug585wjvpIPMxNRw7cCdwIMx1ozG5Tn5S1OA24VLJ5Kk3Mu07XDa3UWLoCI99b1V3JqEMyz8GW6zzUEhDYAXvepSjw7S7NubeS1XyCGhQzu9Vqw4n9upNP2YEXsur8hbg2Mw""), width = list(620))","ChIJ4bnv-btZwokRTq19ZQqUo9A","NULL","4","CmReAAAAUIOymYLMjywhgkdJ_RpYDoblHmJXJrX6ooa5a90cKrB-5yVqSAuF80xeC0EDLr5XjhnFVtvCtSIyAwVbh0BIhXLzqlyjjH2uT9F8U3EMygoZd-iVVbq7SJ9XKuKVnxyvEhBc46sh8e5Cosqr2CiUMqdCGhQULcWCefgrtgWJceZiG7KGpM-cKw","GOOGLE","c(""store"", ""food"", ""point_of_interest"", ""establishment"")","178 8th Avenue, New York",40.74286,-74.00003,"TRUE","list()",NA,"Manhattan"
"https://maps.gstatic.com/mapfiles/place_api/icons/shopping-71.png","a5ce3c08a46daf1288702fac7be858ae3504d550","Red Mango","list(height = list(2448), html_attributions = list(""<a href=\""https://maps.google.com/maps/contrib/115523668162436069614/photos\"">amruta chintawar</a>""), photo_reference = list(""CoQBdwAAAAXbv0UbZQFegTgv5lMLxAcJjYd2q882F4Jov-DDw-fknhhXtmEZnZweNUNp3CuvR757HjinvxsCm9DPAQXFFDTNEOTcLMFm1XkG1TgOMcR84kcsDCI38JCn7B4EP37SU6ccLWCJJ9dWqTsNFIw2PwkIkejPX1b8Pn71Ds0cjoSVEhAxhZHTxCXqG2zOHqaRS0VFGhTHXdWDoSLs2rl-9tmhiBQ0jpzm4A""), width = list(3264))","ChIJzfkrDxhawokRxaZyNOIeDug","1","4.1","CmRdAAAARyqfkiEGX_5ciZ3qsVV_zTbbnhFns3nmOVVvTnIgiD5T9ITR8pzqiy3h7iKBHus7AGuzfM2WKCl-YeJm8ceRWPN8Iwi7pDoZ_Elpk5NzCrv2sXZP0MhbC5MmAUVvpmv3EhCf99CLPo1aOIgb9RLo7khtGhTGv4wLwmiKuzxfo_GXY0BIxyIoNw","GOOGLE","c(""store"", ""restaurant"", ""food"", ""point_of_interest"", ""establishment"")","111 Fulton Street, New York",40.70996,-74.00668,"TRUE","list()",NA,"Manhattan"
"https://maps.gstatic.com/mapfiles/place_api/icons/shopping-71.png","c669bcc7471188198ffbd3ffef130e2510ce9306","16 Handles","list(height = list(648), html_attributions = list(""<a href=\""https://maps.google.com/maps/contrib/102161026385216925123/photos\"">Walkersixteen NYC</a>""), photo_reference = list(""CoQBcwAAAH5cKQY2FqhJVozDun8JSfF8vq-mgUjmrKJWVn6e5xqkxXPTVWrzcG7eV6zQ2Mi1zewyq0I2K6lwoONz36FLtMrFgGnq1uA4ImUTFJ4OE8efAi4stR5zHxMOGoTEkjMzA0BE_Fan_m6BRcXR_h9lV-e2hawF2nVsGyCC0-OPCNWkEhAmbkmkvZqhwtox5Rv_UTVSGhQ2PEcY3IEp4gNRy5TfcrCLqgq15A""), width = list(1152))","ChIJASetWQhZwokR7DIYAdvC17I","NULL","4.1","CmReAAAATpQbBs65OxvgXhxL4er38nKEXANL2ZOgHRgbA5m9YdKArwKEOlTP2ksoP8DCHFF_O-QoKF4bWRdf2R7usrPIDTcArzmO5XpH6VoVDTX6rESOHQzJrccMyCU8UJpIgyb0EhAyXSnHmqsOeitD96XeC8UUGhT8Gk3MO_FIwro0VVeSGFmqnVisIw","GOOGLE","c(""store"", ""food"", ""point_of_interest"", ""establishment"")","428 3rd Avenue, New York",40.74316,-73.98032,"TRUE","list()",NA,"Manhattan"
"https://maps.gstatic.com/mapfiles/place_api/icons/shopping-71.png","9b79fdf2cd0aad80dd59d6d603d99d9bdcf92746","Pinkberry","list(height = list(540), html_attributions = list(""<a href=\""https://maps.google.com/maps/contrib/116944543265454766828/photos\"">Danial M.Hassan</a>""), photo_reference = list(""CoQBcwAAABZ4y0MAmZc-Iup94iiU36kwj1DPxyuQIORdOxT0QkCoe6HPCBy65RZ5PxuQFCfzMCO1t3gPoz_MUZ-ayamBVK0g7gVu7e55jlM7WuexUqWTu05w2Nxf5Kvf7cCxzu5yH1HpZED966kAD6mOERZ60OdMOejYzbUUsUXgokWqPnrsEhAbo03TWV1qYK1-cPyP5YyyGhShkgi8p6u32yNpQmsd4jZXZSrDmA""), width = list(960))","ChIJXfix5KhZwokRHCpAI-zH818","NULL","4","CmRcAAAAU_wHjhk03qBUbNc2hcQYH7vwsVIQvVC9J4OQACVCuk1TE2JxMlSCcF9OpjI9PfAhSh9KDsNxiE_7RLzPAGh93hntU8Ua302a4bRTdQOB6oYGX9pX_TRLy_8IHjNmBuzBEhABkLLWUAPuuPaxJaP9au3ZGhQckKN3bQL__PB_P6b-08BKCelucw","GOOGLE","c(""store"", ""food"", ""point_of_interest"", ""establishment"")","7 West 32nd Street, New York",40.74764,-73.98613,"TRUE","list()",NA,"Manhattan"
"https://maps.gstatic.com/mapfiles/place_api/icons/shopping-71.png","44f3a4fed54d8935e838962e0a55c11590b32ffd","Red Mango","list(height = list(3264), html_attributions = list(""<a href=\""https://maps.google.com/maps/contrib/102005127154224949729/photos\"">Jasmine Knowles</a>""), photo_reference = list(""CoQBcwAAAEg2vRxAeA6LxxTsDPfxYQ3FNpmK46HvdIOSVwKyWZRz6Ka3vH2t7i-xT0GozgSrHw2F_2wbnrAgvnU907QTBjkkfEn2fiDQ3MdTPZrgnLgxOx8e2eyJfkENdVkpYwxSAsMEp4HSz5HHt7kE6Bw3zfUqILnvKqyYBFBHdq2WkfHoEhDT8zQHS8Lk-65ySNOp96PBGhS6yZONxBVvliI1ECq5uqMiyBXyEg""), width = list(2448))","ChIJ71Ny-ahZwokRXGs56iMGW0E","2","3.9","CmRcAAAAdwxwZotmerU6n1lHPwEwarCDrMAnYUiohLcUvtb2FAOSU0V7lcDGz4gZ2VYlQtiza86c2vmoP_gGefrXDTMPmYEtj7OahrjQPX2tGU7WNAL8D-3dzJQ9Ok1V1qo5vc_iEhDAyOLLGygmbjQ8rUhnBx1YGhTw0nZikaVsqJLe3h8SZ61S6DKJgQ","GOOGLE","c(""store"", ""food"", ""point_of_interest"", ""establishment"")","11 West 32nd Street, New York",40.74774,-73.98615,"TRUE","list()",NA,"Manhattan"
"https://maps.gstatic.com/mapfiles/place_api/icons/restaurant-71.png","a7a21acfc7ca584483640e63230d9e9618389ac7","Columbo Yogurt Nedicks","NULL","ChIJhZJ3Yq5ZwokRAJRUfM0yA-Q","1","NULL","CnRqAAAAuc9ivuSqYdG9OR4Lo3Fr026OSY1cDrAe0pe8PWMXHg7wGphiIL7xOmGVI1JC7FLbTay5VszpnTPpjXSOyXswPfK1d8IcM2EOHGLUdZjAP66iqNWH5CIUdjlH5NnGSlgC9p8t1TT_CotewujuO8BBzRIQzFPJlFewSBJRaKQs_0qb9BoUE7x7_YdioCi5cOXYer9EEwOQurw","GOOGLE","c(""restaurant"", ""store"", ""food"", ""point_of_interest"", ""establishment"")","1 Pennsylvania Plaza, New York",40.75128,-73.99216,"NULL","NULL",NA,"Manhattan"
"https://maps.gstatic.com/mapfiles/place_api/icons/shopping-71.png","89ffb6504080ae2308a83d766f0d2b5090d03b2d","Off The Wall Frozen Yogurt","list(height = list(2448), html_attributions = list(""<a href=\""https://maps.google.com/maps/contrib/113046625102265334542/photos\"">Jeff C</a>""), photo_reference = list(""CoQBdwAAAHMhRkfCIayjO-zAcpX5mVC5yRt2l2zbncnnds_ls0vwyeeH1Evmpog2KB9VR0S9uB5bf_GQInrlBzRHDMuZatzdXGw_ymaoGBrefYDg_hsHewnuVI5VpZM9Y0VjPuQguAygJSfP1wfISxJGbKlz6L3V-M8_lt5FcOrG6T338-FWEhB0O-uKKm0sl2xygsujofnuGhTnaS0dg0ahJVyd-qmTIj3IuIViBQ""), width = list(3264))","ChIJM3liT1NYwokRilmbSURpwL0","NULL","4.2","CnRuAAAA_6YFb9Tre7f-EY5JDowZqIH-A8Mciq-237loZQTwIHJuE50k2GYux0dTjv-CtJA6BRIFGkRtGHiVKSyX0RbJ3cLX9ahCmfcKZmGuDyAwXQx1Y1sx602trvNeVntIw3Ewocb6DRCNIKJZkMTQla3lOBIQ5-Ja3aVPGKNSf5_mpBefQhoUi1aeIXep7iVSnjNSAv5e6n8fnPU","GOOGLE","c(""store"", ""food"", ""point_of_interest"", ""establishment"")","11 Times Square, New York",40.75654,-73.98961,"TRUE","list()",NA,"Manhattan"
"https://maps.gstatic.com/mapfiles/place_api/icons/shopping-71.png","be031fde6270dd711ba5c2a2a743d5b25ec5d96f","Red Mango","list(height = list(5312), html_attributions = list(""<a href=\""https://maps.google.com/maps/contrib/101243074012108208221/photos\"">Amanda Leinberger</a>""), photo_reference = list(""CoQBcwAAAHGvLbW1aqXqsKOCwfPkRQWViBK2qQZnsrMX8UYWaiJOeuBqZXQ3Iovxn4xQjNsQXt8NO34E-kQImglfopC_V0CsNXvLfkrTXZCpCt8ST6rUfvnhQMf_39wWVjwhvSGf1AD6e4RULcdA0Vj0u2-xR_K1rkU4R3Yj9RuaJp773qWvEhBzTWd9NUBxmqnvQQy9Hyw3GhTtQmztycMvHVboe6Hdajfjat6_Lw""), width = list(2988))","ChIJFa-wj-JYwokR-FsiQHOYhLI","2","NULL","CmRdAAAAfBJlIF6IlGnXWxYsveKz6gwx-AXAUwSqcxy9Jb_ImCekHTgW1qhsPmu4n0tjQTMmMlH8Ur1zF7qTreJ5u4vnEa-dSfRpfDZeaAkdlKFSpji6rbC-liHoQoleR0Z7vmXMEhDQhMOEibUDqre8mkmysJSxGhQ7mGsvD577iNEkYdt5jgbExJ2quQ","GOOGLE","c(""store"", ""food"", ""point_of_interest"", ""establishment"")","906 2nd Avenue, New York",40.75374,-73.96909,"TRUE","list()",NA,"Manhattan"
"https://maps.gstatic.com/mapfiles/place_api/icons/shopping-71.png","d32e9d9771064150da96d4d04681e7a97021f9b1","Pinkberry","list(height = list(1748), html_attributions = list(""<a href=\""https://maps.google.com/maps/contrib/105170431124683218627/photos\"">Marc Gonzalez</a>""), photo_reference = list(""CoQBcwAAAJRTgvr542OWn2VS2mtM6ILqHCP_fak-73rOirdOwMrcFx-RxHyTsifiS2hk6Ml4GhQSoJR1DP1w-URxX21e0Aw-N2mdQjVTsxbnX44Uwrs73dqI-DLQ51tD6zGpRK1laPR-pOd4O55-hJzIQGZ_B9YZllwSBiHSVY7seG1hNrh3EhBDHAQjtABn-pIJglQjMJ5ZGhSnQI1E2tB6vyWXRFYJWhgjGrTsGA""), width = list(1696))","ChIJfavxCeRYwokReaa5fHVrtwM","2","3.9","CmRcAAAAgB1b6YfwtPgnBErdquqDQvDlwdTwxUI37E92k1x0eJ5pIHyHdkB4BhnThFmkFI_door-9LUmZbMuqtf_y-zO7IJmFX7ELBG64kJxBJgJN54t4IfY9_kEnF64gvgDQKOFEhDoUxkcj0X8AfqrHVxmqQX8GhQpRjBFu_7JHJtyB1FuxoNtUGEL6w","GOOGLE","c(""store"", ""food"", ""point_of_interest"", ""establishment"")","1039 2nd Avenue, New York",40.75785,-73.96664,"TRUE","list()",NA,"Manhattan"
"https://maps.gstatic.com/mapfiles/place_api/icons/shopping-71.png","a4c2e45d4d77d480343e891d584442b409a33cfd","Off The Wall Frozen Yogurt","list(height = list(2448), html_attributions = list(""<a href=\""https://maps.google.com/maps/contrib/115235755172384586896/photos\"">Christopher Jenness</a>""), photo_reference = list(""CoQBcwAAAIR954Ej3Kwi9qBfMigZVNROBH4fioRnbuo08OrOkqZSH6q6WoDSKAjNhgpwUEeZvqukyALMvGc2oOSeY0QlWLJ30xw0SCfAdfZNrIsmEHudoHjpLVZlM7MCucdBz7dHI5nYHoyacI4pUXN0IiVUEeZdxbyLgcpEDUw3gf6WI_1YEhBn0ofEMo4CsnHbcSq1Brb6GhQZPkhvlkHl6rFjMmGZ9Xz4xzj0Sw""), width = list(3264))","ChIJhcRrEORYwokRBCMJ-4mMFqQ","NULL","4.3","CnRuAAAAAgQrFcLXNCYE3ao2iJZwNu1EN8TFncXuCl8xpLZx_bZU05lQn7-S4rpGfzGSzsMiL217JhEUMnlNBdVR8vKOtVZDs7QJgBK3U2brWmXRsrHFkR1CySKCLl1bfKz1EsFzlGwcoHZr31L44IQ_3oJHgBIQFZdFFAlD-Wgt3oilox_kqRoU6sGSo0NzmSSczQ0FJonGqntNLNw","GOOGLE","c(""store"", ""food"", ""point_of_interest"", ""establishment"")","1053 2nd Avenue, New York",40.75838,-73.96622,"TRUE","list()",NA,"Manhattan"
"https://maps.gstatic.com/mapfiles/place_api/icons/shopping-71.png","c1aa45d4731d7d4ba844897f728b4385492ddde1","Forty Carrots Restaurant","list(height = list(3120), html_attributions = list(""<a href=\""https://maps.google.com/maps/contrib/109619198871676911180/photos\"">Phyllis A Sears</a>""), photo_reference = list(""CoQBcwAAAKYtxuSwnIPbWvLBXtpHtpwhIDsdaY6s3aGCYc2dOC6Uk5HkNPiKMg3Xc0Y4bOUBfUZM24D1PpcrcyusnWNT_LWd2fFXfJ1CuBR6xKz3o6fA7WEvSnCPwHcC3WKQ6S0jkHwBmUoDfm-cAjj0mueMPS6YyFqKiBieW078r5HioiXiEhBDPwBG8skwI6rikjjHIPc5GhQ8eRshoSAXPhB_FMBEZbXYdj2OnQ""), width = list(4160))","ChIJ-RNjg-VYwokRGNJjM-6vTj0","2","4","CnRrAAAACCW2zsb7s63SiiBaPuTLZmoOdl93Fhoh6erOzXa5ubLQ21uDTVC4Pz1gEud7T3KhWo5HMEc6_A1VAaNCdqSCP0JORa6dWUe13eNjJOiXPjqLtAZzpoWvfJcHBpswW3DT6t4ZA-xuJtlRcgw96i7IdhIQoDpgvWDNGBMq6D6DIgSqrRoUVs4pjCffUG6UCLOfvtQ51J5SgQE","GOOGLE","c(""meal_takeaway"", ""restaurant"", ""store"", ""food"", ""point_of_interest"", ""establishment"")","1000 3rd Avenue, New York",40.76205,-73.96719,"FALSE","list()",NA,"Manhattan"
"https://maps.gstatic.com/mapfiles/place_api/icons/shopping-71.png","001358e39ada55e9c269a0f72a981b0eee2a3659","16 Handles","list(height = list(1536), html_attributions = list(""<a href=\""https://maps.google.com/maps/contrib/116004994006301148278/photos\"">16 Handles</a>""), photo_reference = list(""CoQBdwAAAMGKEIh_5IA78mmZxSoDLOhXnF0pakAbnqPi0iinrzfdwA5_uxk3gMDQELHlI9T_2T284WLy2ZJDVjo3z0CtxJzEc--GYOv8umMSKQnKosg89vSEoTjo6aTUxCXRx55pzrHUWUDG8VJSYzX5oyA-IxYkHbTEF7LNqY5wMAM2mgv6EhBUVy1pN6fm5t6XXIbrnJ5IGhRPqFtKInJag4ocbSuTGrXFj9zjdA""), width = list(2048))","ChIJV6riG-hYwokR02Yjk8l0xaY","NULL","4.8","CmReAAAA_mDsAr9fLx5U9d5gXpn5Id12njExgdj4jXotXCzMIxN7al_D8FgrtkCi5BnCg8oYltAXVee3u9VNZdDLS1aoHJbB-8iCGn7osfxvfjXHMt_OuXc_piOUsZQEnrozr9dpEhC5HaB_wTInKqRVU7yIKSX5GhSWTF36GP6RBi7_ApzqjvYWCc-zRQ","GOOGLE","c(""store"", ""food"", ""point_of_interest"", ""establishment"")","1161 1st Avenue, New York",40.76262,-73.95991,"TRUE","list()",NA,"Manhattan"
"https://maps.gstatic.com/mapfiles/place_api/icons/shopping-71.png","c72d511f0443e1d11570808a29d4eea8a7b8f7de","Yogurtland","list(height = list(336), html_attributions = list(""<a href=\""https://maps.google.com/maps/contrib/112150178845688541953/photos\"">Yogurtland</a>""), photo_reference = list(""CoQBcwAAAC-Y1NLcljEnLrIsbe1hUiFA2rtnDxeWwTcPE2s6xEhbP2rD1ollGESvnC82jMFadSKZpoBDWaz2p1QYi5vdSIBj8yVGYmya8rFsimJViYm53X1Fvk7UHSExe1uHmjb2cdqm8JAzZ5BI0XBgZ4_MnakeohKN-6ap2pSxuvB03hxfEhA_WAY7Xhcy8bJhhpkOf2n3GhRtdROUy-FxtF-ibG7SQuZgW2XudA""), width = list(578))","ChIJucU3O8JYwokRcO4dF03MOgE","1","4.3","CmRdAAAAnghBVLzBFWIOCpYy0IwEJaECx_PsAesdh6hyB_yeBPiEnQZztqHgeDRqdswqwTe2Vruc5YNFzZ0hwUvvpF6mWSWIlVMjUWblo1nuwXBXi2dwGpL-Az138ANY8AhrXNFuEhCnSHHmYHbD_hPWMZuR8HVfGhStN9KnAGsfQ-tsmNJcEj90LpzKDg","GOOGLE","c(""store"", ""food"", ""point_of_interest"", ""establishment"")","1275 1st Avenue, New York",40.76576,-73.95782,"TRUE","list()",NA,"Manhattan"
"https://maps.gstatic.com/mapfiles/place_api/icons/generic_business-71.png","b203b8785b3a6fd98810fe1096d1f35f863b95ed","Mobile Vet Christopher Columbus Homes","NULL","ChIJh_9cYYpYwokRt5u8RnqLwoc","NULL","NULL","CoQBeQAAAD54NcrY0KRroDJPiwa4MZLpGd2yiFy3WojCGwBci6V1cdfSSQQdp4Wfz8FnSVj6ajhjSuXm99QzJuw10-Pk34RHfuoIYlHd0wUSVLi_IqpVO8f6epzZNnKFqSLbJfXrE7q_PRaPxwAmXi8q6hKUvnXQ9D9U5_yutWjRSinBA1W7EhAP8ehjTHbQVeQKlyA-VdaQGhR3XLwRc41eGJjDCgnqP--1tEuyAg","GOOGLE","c(""veterinary_care"", ""point_of_interest"", ""establishment"")","2056 Broadway, New York",40.77749,-73.98178,"FALSE","list()",NA,"Manhattan"
"https://maps.gstatic.com/mapfiles/place_api/icons/shopping-71.png","1c9a867974c5f9c79ef6368ce079dfc4d131a53c","Pinkberry","list(height = list(3006), html_attributions = list(""<a href=\""https://maps.google.com/maps/contrib/109013056037266088392/photos\"">Jason G</a>""), photo_reference = list(""CoQBdwAAAH7mwBwcTxIsEGjcNKo8RoeDf6U0YxxLuvJFa8E60zSjVzK4YfyibR0b2FyeVesv35WnykHqppRsIne5hn3eVH2AuhoIowL4hnmm3pNwkwHJN_gpbIV9L8koa6Kd7EJScXntOY0d0z17p36vjMrsWnF3FItccwsylwi_JIhQYE2-EhBnfueEFGrPpXC421V8CyNhGhSMnISy71zKmRKz2N0C30hR2-TG4A""), width = list(5344))","ChIJhfCrYopYwokRFes2Gdd1zKE","2","4.1","CmRdAAAAOv87GZHuCFzjsQzTeU4Yh91MGHNByRaMbig25dE2uTgyC6hEFvT5Jcq0bjIYMsZcgmD7iQX31i42a9jIKmJGB-4Ajq-QJ70Sq8V4Xfo2M9s39XBJpifs_DrzKymB5g2TEhCbFh4T0D5ytYoE0iKRMctsGhRPUsw-tTmuZ_3scbuHg47KDKfyBA","GOOGLE","c(""store"", ""food"", ""point_of_interest"", ""establishment"")","2041 Broadway, New York",40.77766,-73.98274,"TRUE","list()",NA,"Manhattan"
"https://maps.gstatic.com/mapfiles/place_api/icons/shopping-71.png","e1e46777ccce1491dcef5f55202bb9eafdf8253a","16 Handles","list(height = list(2988), html_attributions = list(""<a href=\""https://maps.google.com/maps/contrib/105491962620880850405/photos\"">V Hok</a>""), photo_reference = list(""CoQBcwAAACD9IKF61pvQNO8apPmWvU9W0YgbdhA8g61lcwoy0iCbgnwIYfVw0XYt-zK2kjPDdxmeqnu5tlGs95vN87Uz61aqs6717cG1JK3uVnuW_bYrig8m70YK6tyj0MZQGBLoBpXTnOfCOq8l8FJjm1Swaov_v7xCoxIF8w2vBdRtESs6EhC7DY0QS1UiTZ6Q9DDL_4s9GhQHA2CRlLjiCcViWtP3oTt8BWh16A""), width = list(5312))","ChIJXSh6oIlYwokRuwcRbWkNsc8","1","4.3","CmReAAAAEWBD5Eil9Q-7UYSUZV4ZBmWwPmzz6xK6aqnmaAQ7RyuzG3ZAkMQilD6RwhPeYdf8dstXV-UNAYN_2Pt698XjPZqP3iJ9BiW0WM_VSFP38PEa4kEv6BKZ5KT_LJVZZBm4EhBhOydB90bFuKggR8oeSvcMGhRuSelxdWxnYEI9BgbdUhVXUNdUuw","GOOGLE","c(""store"", ""food"", ""point_of_interest"", ""establishment"")","325 Amsterdam Avenue, New York",40.78068,-73.97983,"TRUE","list()",NA,"Manhattan"
"https://maps.gstatic.com/mapfiles/place_api/icons/shopping-71.png","b16e2e3c1bdb8d4a387c4906a4ca6c2faac68231","YAPPY TREATS CART","list(height = list(1597), html_attributions = list(""<a href=\""https://maps.google.com/maps/contrib/109581103458105617820/photos\"">YAPPY TREATS CART</a>""), photo_reference = list(""CoQBcwAAAA_5v_kdsEq7TUjc0DivWneB5ysd6dLT1_CFnQJcP0O9ik2CBhE1hsFl1XzL1MzX3QV1dhqJq0buOD-5m0xdR7oGaHmkJI7Cw6uY40vt87q7lTC5crUkDhdES3DUMvVcF_oTN-wEEYppqrteYNYRD4RUbpl0rTDBi3P-tkbbRdmUEhCVjVtOAtAhPfWQTlERvPUNGhRYC2cAFZgscozZe6KlLIRVGDhExA""), width = list(1600))","ChIJvwYux4lYwokRuIYHZgYJyYw","NULL","NULL","CnRlAAAA8ODW2sga9UXjFMiJOY48MJf_ZUqov7xAmPn4sq9D1h7WiBRRsoy67B-Di_2afNHPTww3-dUwjjggDk3MTwtVoygH_5e-odMv-XooXR3Ze5kZc2uAzZN0PmDZhqbYA0QznvjGmjWjX2HHxLnclPh8_hIQ-BT9hL1tPLjgozFYttVdGRoUlEQif-xvCF0pT1TKtplPRdk7TwI","GOOGLE","c(""pet_store"", ""store"", ""point_of_interest"", ""establishment"")","235 West 75th Street, New York",40.78139,-73.98165,"FALSE","list()",NA,"Manhattan"
"https://maps.gstatic.com/mapfiles/place_api/icons/shopping-71.png","a7dad34c909b38189a8cffab4cc46e5e3580f770","16 Handles","list(height = list(2448), html_attributions = list(""<a href=\""https://maps.google.com/maps/contrib/116530255454918600161/photos\"">16 Handles</a>""), photo_reference = list(""CoQBdwAAAN0fI7fU9Z7iZTuiZNcGqzVrCPlDgcZhdpH7YPQS2_FoTJdGOm3qcEZfy9UIycbzTj-YBUVUAqdelEQq3sHRcEuWXbAzueUq5wV-tLUs8NNWSMR99aF_3xwAgA2S5sW--BFimd1vYndMj1sTT3_Ko-Nft48wcd1yjYPNSradc-jnEhBe5CftFGsA6tu0bTyHyB7XGhRbcS4NggGwDqwl4hTG_R_DSTgbEw""), width = list(3264))","ChIJO2Pmsb5YwokRDQNdFHVsYYQ","NULL","4.2","CmReAAAA9MDRy6M7ciBRlYhZDr5XdFb9D1dwfJE1n3hZM3iI8TVgeKKrT3nDx6-HgI38BTSoSf5k4VhpDdawpC-tMAKPShUmWhcjx0lbr4R5Hu9MYiUQZR6zWSa1JVV4jGHK5cIpEhBLEfBs9M9BE77AvyBWKddRGhTyTkOZ3Y3-iEL0ZnlEXt6dPqFkHg","GOOGLE","c(""store"", ""food"", ""point_of_interest"", ""establishment"")","1569 2nd Avenue, New York",40.77504,-73.95409,"TRUE","list()",NA,"Manhattan"
"https://maps.gstatic.com/mapfiles/place_api/icons/shopping-71.png","e6c7c397b6c07d3f76ae80554ff1de760e228942","Pinkberry NYC Upper East Side","list(height = list(720), html_attributions = list(""<a href=\""https://maps.google.com/maps/contrib/100143056777382549243/photos\"">Ken Wu</a>""), photo_reference = list(""CoQBcwAAAM8omkMmtQaVo9OP42viBDIsCW_TC1T6qemMejq034mZH9SlepSv_B2dk4aOnDmllK5MSldipcHLenaOBdF1rkfLQSpAtHL8ibVQl5gvKryWF50sLvAwVR2vHF4xG0ImZ-CgOV6-n8AcARar3mjFGcBjI54lBBJ28Lhas6pdW5AtEhBV2mTG_wekF2VowRNyqgAkGhRbkCZyF3MgaeFyi9zqHIOhb4siCg""), width = list(720))","ChIJ331P_LtYwokRIl1hLfSFtI4","2","3.9","CoQBcQAAAICwRdJmb7RY67J3YMO3jU-pg5CdyxypHws1YvIVraakUu9RhPuUzuFu1WNfBhUnhuqLWYOscN8pTwqB1K5EvVibK2bt5b4a_U3NXgWfapqUSNNb8xlExfrGNvclpQCINkFQCTvHBref1jbO8-xVpNpHaVGQHyiAagnln7xR3jrXEhAuqL85jA4ff1Gh1ORiU9GqGhQqapyO5VMIvGG3wDQPTDSnSxuFGw","GOOGLE","c(""store"", ""food"", ""point_of_interest"", ""establishment"")","1577 2nd Avenue, New York",40.77523,-73.9539,"TRUE","list()",NA,"Manhattan"
"https://maps.gstatic.com/mapfiles/place_api/icons/shopping-71.png","8e5575aa7e2fc0907b1fc14628b91d25f3b8f058","Yogorino","NULL","ChIJCXme449ZwokRMXeT8V2kucU","NULL","NULL","CmRcAAAA7luHk9VXAyLE_KI3N8DdjDY0c8p7qIjCL3TpAzOj5NGLMAzPgpAprYJjOKYEJkSjv88LTcpr7ImcE0YI6Rvu6beYdzDIgJvM9yDUFPU6F7fqt3Hyyk5Y4-JPuBVk9P2KEhBSQb_LaL43JbVSnPPl9ej9GhTMI4swi0VWgRBoRx2eEbRTAPhTEQ","GOOGLE","c(""store"", ""food"", ""point_of_interest"", ""establishment"")","657 Broadway, New York",40.7271,-73.99577,"NULL","NULL","TRUE","Manhattan"
"https://maps.gstatic.com/mapfiles/place_api/icons/shopping-71.png","662d40f7428e6b57724e321685f778a16d3e8478","Pinkberry","NULL","ChIJt01HtIhZwokRSQ9ib69F3Uw","2","4.5","CmRcAAAAbdnkYquaEhjXzgQ2Dy4cKjKvAz_nuyldBxGCeqk2fhUe5iJTNN_1_x4v7paJmpXwHMmiVHBCu9O9p4hPcuLvv00S6aNQ5jZUQZqKi151-RkVMN_xiyu2E8soPKHzftGUEhCPQMuRRaGurnRiRcIuLdhIGhRD4S9y-sOf79Yt4FosbRFBzwDw8w","GOOGLE","c(""store"", ""food"", ""point_of_interest"", ""establishment"")","41 Spring Street, New York",40.72191,-73.99596,"NULL","NULL","TRUE","Manhattan"
"https://maps.gstatic.com/mapfiles/place_api/icons/shopping-71.png","f8eed904dbe2c6b3d3c04ad400c26fd3241134ba","Tasti D-Lite","list(height = list(1224), html_attributions = list(""<a href=\""https://maps.google.com/maps/contrib/113522516795619813314/photos\"">Masrur Odinaev</a>""), photo_reference = list(""CoQBcwAAACfg686re4nOxjtr9wlfRNvP0iz38KXLNywgsxhgfzb2qQCGXwAqvJ3gE2DvPzbzKWpLJm3BJnXRkh5ebyBah2WCS2xtNK6__qSNsQpbU2xtV1CLlSd4zUf0b4mLYJMV0BIKmtd0U3u8elxPyb84llQAcrMMwQrlPqmj5R-FYxXfEhCdJZljWGThCW6jMpZaa7H0GhS1MrGiX7eRVXRAMj5bnc4c-RHSqA""), width = list(1632))","ChIJrYliVwhZwokRUlvpVUF439I","NULL","4.2","CmRgAAAANrsJM8GHIiwGME6ruCCpD2lwstbHd97CjTP12ubxYIN_kXVmUOv7kLk8KUFth4TbMz-XUDBnCTEhutudhmtLHUvn1eUNQTJGH7JL4X7i4LeSRBURoYmGuQo8eK5k7AnoEhCEFw8C9SBc6riafiXmFP5HGhRtnGXMsOP4FGJ65SgZH2O0mbh8Cg","GOOGLE","c(""store"", ""food"", ""point_of_interest"", ""establishment"")","416 3rd Avenue, New York",40.74292,-73.98049,"TRUE","list()","NULL","Manhattan"
"https://maps.gstatic.com/mapfiles/place_api/icons/shopping-71.png","99109a563e660da9eff4981354d2aaac74a2f6c2","Red Mango","NULL","ChIJYbG12LFZwokR8q9-lyrfxq4","2","NULL","CmRdAAAATJIWAtSGs7mS4QBs80rT43bvxLqicRWNheW8icf9zVHDYToFA7swf9vz-dJEKgHCEm7OSSOXOQ6Eb7TkIvAFBw5o2jQ6lsUquIxEQOlSgUPwTFOxIIXMSwBIQKARZawvEhC_2aGpMbfBwlD-O4cz_LIRGhSi-6ifswtMR6aVM5DM_5SztM1awQ","GOOGLE","c(""store"", ""food"", ""point_of_interest"", ""establishment"")","8th Ave & 31st St, New York",40.7505,-73.99345,"FALSE","list()","NULL","Manhattan"
"https://maps.gstatic.com/mapfiles/place_api/icons/restaurant-71.png","044202b05fe7ec15552d26711f2ee98fe076e88c","Yorganic","list(height = list(1536), html_attributions = list(""<a href=\""https://maps.google.com/maps/contrib/106617906791631723888/photos\"">Yorganic</a>""), photo_reference = list(""CoQBcwAAALDyqhIclPC-uRlMoIV3V2lKm7XE5HVzd8lK6ueow2LTGyuDQkgVPKbFDLOrsoZpEua6x3BgA5QTvhXvVF9E3Z2aKiTY2WvWgMd1f7GVbEvxSx_WUiHP0mWXYWcyxggCdEG2wqDpuFFteC2tK_Bp5-ekYyXj7ZJ5rwB5xSHoyhF1EhAOdBGyfBNgW8cZ_ds-yoo3GhTGNXVawNFBp1hHMIIwd-ZhC7kgvg""), width = list(2048))","ChIJUW1v4xBawokR1EuNpW6-ngg","1","4","CmRbAAAAEq8fXyTwyxulElmyBnvgR-qD7sdjDPJUJspdwzIi6dwzhgDm8UEypv3_0J9Qn6Z6hjDgiVSb1feD_gVQdvNrJ99lRUrPRSaRD-SpOfSXKI3REpR_D74CFCf0JHFV1uaUEhDmsCYR5Kk7a7Nd7iOvJKabGhQ79c0TdtmhYK64oSiNucN4nNHoRA","GOOGLE","c(""cafe"", ""restaurant"", ""food"", ""store"", ""point_of_interest"", ""establishment"")","89 Washington Street, New York",40.7079,-74.01438,"FALSE","list()","NULL","Manhattan"
"https://maps.gstatic.com/mapfiles/place_api/icons/shopping-71.png","d22a49e784d6765e9fa429627f41bffc9e5b2586","Pinkberry","list(height = list(2271), html_attributions = list(""<a href=\""https://maps.google.com/maps/contrib/105170431124683218627/photos\"">Marc Gonzalez</a>""), photo_reference = list(""CoQBdwAAAF0iqllv25ox6Y4DtzgkOpqf6Vx4HEOP6hVkQ4LdhVtflfgt6YZjjJ-jkJANE-CSbEK-HQevsuUdDehgMSNPA2W-2uVpLBXUyaNwasa_aQBcEW4-0u5eLgk85wrr5UEfLfyS-0luZKK-YEAXMxnNVLRGJueMtez8RuPfx3w-giY3EhDwzvLwN9tsJ5DQJtg3oT6LGhRks7MXLJ9890xGtnRgsBy8mRIuSQ""), width = list(1569))","ChIJ5dg8hFhYwokRs3MuxKqxrtY","2","3.5","CmRdAAAAZDMjF5Z90YqEGEHNatJmh6gWys_hFjgj16PLdFGhxgC_rp-8Fng_0GGq5hPK5DYbjxPAOvA8WwuyGqj-rNJG8ViyCPdgTHRBbzgLBFTUiLqWk9LtxYC-sSjxaKnqfbC5EhCKw28pXctyQHV8-qIYF-pkGhRnW0nWWpZlmTykeQ8_K0M7SyCIEg","GOOGLE","c(""store"", ""food"", ""point_of_interest"", ""establishment"")","330 West 58th Street, New York",40.76783,-73.98378,"TRUE","list()","NULL","Manhattan"
"https://maps.gstatic.com/mapfiles/place_api/icons/shopping-71.png","4121f4100f584d4349c1d557bfab0515f004f46a","Häagen-Dazs® Ice Cream Shop","list(height = list(3264), html_attributions = list(""<a href=\""https://maps.google.com/maps/contrib/115235755172384586896/photos\"">Christopher Jenness</a>""), photo_reference = list(""CoQBcwAAADmFFOb_dht3cfwRZcAITWUuYcctzZuAF65syfULXJMO-5CoyACdwLfRNDMDzDy7GweaPrQEsvbtfY7ANTNlDOb0WGubxUp-KVAUA12FHocgAkV4EOlyUwLtSqTMWnk1Oygkv5mszDjGj7ZBcNEzlVwtPiSUwYTZzVVZba3pYTNoEhAu3AT1oesh1R-witE1rrSvGhQ9E58TmnaVIlSK0kF7MHsV2vndPQ""), width = list(2448))","ChIJLUuEn8JYwokRgmiaw2IhFfU","1","4.3","CoQBcQAAAGQFDTp5NMm7E_9SC5YpGkjzYl71Dl3Fe90oLUAwOticcjrE349a22ru1eKoY-RnpeyZoHhpzw8fLQvJ1PdHvTNCkkyfvnV8SWi0XlaKo5SlDR1AeClrAUBSpR7OXKl8hqFLLbjBZHsBhcyCxvbXCwEipcggRZks27SVogf7nJ9jEhC4k0IiK4RFeQk6eDQVQZ5CGhRUE4IIvx4k4oVzqb0Rg1My5dAloA","GOOGLE","c(""restaurant"", ""store"", ""food"", ""point_of_interest"", ""establishment"")","1188 1st Avenue, New York",40.7629,-73.95929,"TRUE","list()","NULL","Manhattan"
"https://maps.gstatic.com/mapfiles/place_api/icons/shopping-71.png","57bb7a9b6e2002a18890f2fa6c5327283a525fe3","Tasti D-Lite","list(height = list(405), html_attributions = list(""<a href=\""https://maps.google.com/maps/contrib/113932545484679493030/photos\"">Tasti D-Lite</a>""), photo_reference = list(""CoQBcwAAAMfJn1Q3iPkHEIsgKlDdKaW7fZ1aT75DAqzT_UQjLAMaB5cJA6d96kM_Pfl7FN78k6JInYlySnC13mfPEhV9o_FrRk8wtq-6nHp5ThNEBKcXzD3twanamhFT-qUN9_6GlcofT-5cvfwPuLPPDaDh7rOFb1hT7mbixTpHvbvlQauvEhDR2dFfNh9gAX6Lz5RB1WcuGhR8qBzoinoN72FuLVfdr6JiPDQ7mQ""), width = list(720))","ChIJ3yG26LxYwokRAsrdIhCwZtg","NULL","NULL","CmRgAAAAIvJfWxsYpijqAjSlvzxxi6bJIKa5J5xoLAE9ExjbpVgVOT5rR8Uaw3hhrArVDp8en4-VDq70Rnk7a457zd8xLXyyxxyTDZ0ZNevsqZ1h2jGvl5q6lEjykfwzaF9URWzMEhAfh3-TeMyseePew-SpznJuGhQH7LIrzXjrXwzA4aYSB0TZ-Qu9zQ","GOOGLE","c(""store"", ""food"", ""point_of_interest"", ""establishment"")","1276 Lexington Avenue, New York",40.77923,-73.956,"TRUE","list()","NULL","Manhattan"
"https://maps.gstatic.com/mapfiles/place_api/icons/shopping-71.png","374937aec481e8782623130048bb99ec175215e5","Tasti D-Lite","list(height = list(540), html_attributions = list(""<a href=\""https://maps.google.com/maps/contrib/111049329811206176191/photos\"">Tasti D-Lite</a>""), photo_reference = list(""CoQBcwAAAKFoteLGFjYV3dL6vDN2U-ph1IpMPHsU7DYopVyumcjdoQgEqyfF8p-GBSDEs5o0HyuZGAYkFw5gD3FASfNanjZnY12J1-WyTAf_lBosxmogx1Wl5E65FET3K1XFNFmiu0kcITPWOMWcxz59NJgN3qgqgBO-CDoe_VFNcrqDiIKWEhAXw_PRtGtwSSnTkaDgjLt5GhTksPp8wxfoOCVxO-FAAmghqV2WFg""), width = list(720))","ChIJ4cY7HYRYwokRKwcdvNuk04g","2","4.5","CmRgAAAAcAfwg0X3MIb7Hju-k2SONcXjiBUaYZdxujPx81LLj8mZ_6MS6gkH8RqouIpHIaYvkpoOiZstD8XM0zyucjsXIw1QVqL3u2l3Ij3x5l3CoGfAyt8aTIM_hvmYhP2x0lV-EhB-E4-0aWGqEm-T63TfYHndGhSpNPn7p022E8N2Mlk_3E0Kin9hkA","GOOGLE","c(""store"", ""food"", ""point_of_interest"", ""establishment"")","523 Amsterdam Avenue, New York",40.78705,-73.97519,"TRUE","list()","NULL","Manhattan"
"https://maps.gstatic.com/mapfiles/place_api/icons/shopping-71.png","535e36795bc482e20a452e90b518d9325b6fca6c","Go Cups","list(height = list(2448), html_attributions = list(""<a href=\""https://maps.google.com/maps/contrib/118292072897081604302/photos\"">Joshua Graber</a>""), photo_reference = list(""CoQBcwAAAK7yAf1R3UYNK4U6qCDSWeMRm0VllbI8s_7-0ql34wqxNjkXhKI3MAIAkgonUqRYZDMJNayGb7Gx5lzh-RkMbiHaJu9-Ci3EJipfcUN_eU-6ZrUtsngB8AXA734gS45JkC6f7NssuudUNqENcgQqYP-I4Nor6ydvWrnqwgzXW6IYEhAeJPBu91Byotqu9J_28rb_GhTY2A03mh13n-vpyDNkZeo6fkAsvw""), width = list(3264))","ChIJPYixX69YwokRGmQdBefmuPw","NULL","NULL","CmRbAAAAkSCFsfxECqKdioUnYWg4YTt7tRR1BlHKq3RmVoEq5KcfAkR-kueS9AFsovlLZ4hqydI4JSuONHcVdajeqiZjuWmy_n59o3pcyjLdGEGNpsAH5OtpqU_WgvCukdG_xztgEhBe-XGDfu7BJktDUuSnRSIYGhS-_zIqLzIrU1t5JE6vv6jGrnvGrQ","GOOGLE","c(""store"", ""food"", ""point_of_interest"", ""establishment"")","1838 2nd Avenue, New York",40.78336,-73.94741,"FALSE","list()","NULL","Manhattan"
"https://maps.gstatic.com/mapfiles/place_api/icons/shopping-71.png","27d3b31ff650b68c3d8c583b2166fd54c0a0f927","Pinkberry NYC 93rd Broadway","list(height = list(500), html_attributions = list(""<a href=\""https://maps.google.com/maps/contrib/115212659508953408944/photos\"">Pinkberry NYC 93rd Broadway</a>""), photo_reference = list(""CoQBcwAAAG1wr8MTRn7xtcl_U2zMA71f44likOvUFpkrKM3xakxdpiqzOX27bAax5cYIsNZkya4PGMlXECm4-Lg2jefq881FYFrSOEHf78LwRuP3NJhHb4O9oEHIKWO2aJtVrdb-GIXu1r9kutIAn5NDOsB4ksGyLT7XhH_ZJvzE3BLyIJUxEhCmDHmeNTxuaRq2Ifnxf1iUGhSHaWsLpZfjljz1hJSB2JBYtDESdg""), width = list(500))","ChIJI9M3n4JYwokRx315NoSr6Lw","NULL","4.4","CnRvAAAAxDeNzULETa5rfuDbPzILYQkrFQXYWa9OQh32bHodzrcn0RGAcQGj0SU9VfZPP9geavVLe4_2VEYkkh7YDNBazjvB6n6TjxKh6LQH8T4T0Mcze7KCrJWzjdP1DYLzqo-XkjQixDQccW33r0I_FMHDPBIQc5biL-EwSKwzolFFtuua5xoUD9KmfJA-ZBfFzi1w9RkQugnLvC4","GOOGLE","c(""store"", ""food"", ""point_of_interest"", ""establishment"")","2508 Broadway, New York",40.79284,-73.97269,"TRUE","list()","NULL","Manhattan"
"https://maps.gstatic.com/mapfiles/place_api/icons/shopping-71.png","4b8a77b6334c21669592b77cc03040aa4be9afc0","Yogurtland","list(height = list(250), html_attributions = list(""<a href=\""https://maps.google.com/maps/contrib/104532873865035578198/photos\"">Yogurtland</a>""), photo_reference = list(""CoQBcwAAAF4aC5LG5e2FHkGyBs9J-Ik75A8iZoPT41jxucye54kv5iK7N7bjql1knLc2vOM2YiS6OdE_THWCfYlSsj1ndVn-Omp_R96g_XJSnLxypluPQaDsH2RvYtXYKnrEA18xreakaSQQuoI51nXFmMCFb7ZKhwpulDuxQ44p3An8mwwzEhCeR396nFUKW2Rt9aXhp08QGhSNRsnH7GIyzToKnyU0pxPVVCugPQ""), width = list(250))","ChIJGxIuLyf2wokRGpGb_OHBIRE","1","NULL","CmRdAAAA4qd9OtqbRReucsLK3J2AhmvNJq5TW84K2jrDUFs6QvRTMUfTgJqc6dv6efQNllxoLaWUI3Qp1eBG-h02Yzx1kLapbHBaUFls3OIP-Em2Eao2oP6h5LgyAgWbr1j0TuIlEhBEoimQnUGviE8G0j887kRdGhTkNyxl57L6e4ZFdohGijP7RhV5bw","GOOGLE","c(""restaurant"", ""store"", ""food"", ""point_of_interest"", ""establishment"")","795 Columbus Avenue, New York",40.79428,-73.96601,"TRUE","list()","NULL","Manhattan"
"https://maps.gstatic.com/mapfiles/place_api/icons/shopping-71.png","ba8e486c1c0cb8554ff1c55323afe693364dc2c0","16 Handles","list(height = list(648), html_attributions = list(""<a href=\""https://maps.google.com/maps/contrib/109687568673638689652/photos\"">Walkertwo NYC</a>""), photo_reference = list(""CoQBcwAAAKaQe6gfXAdVsW8cmmwFHzhGNdWBvU4daD-Do4OGt9-ipcFR5zzYLEX-CWw1xXz8_vFvKLmoj3Z70Z_JK0ki5j1gqZh-IP5pU4YK9Kq769dWFSQVdhYYWsiCGvNQHV_hoRt1vOc3LtG1zNJ2agg_pqh7lHE6Rbew7Hdq7wPCJzKKEhCF5N79PKK7Az3AAEDHFVYiGhSi3bVGQuCxfHb1tnByxjI9HZzPhQ""), width = list(1152))","ChIJo11NJSb2wokRlD6rI7Numuo","NULL","4.2","CmReAAAA_ASXRCvODQeVDy7DFzmbgQxMeL6voOh0Bstj7AvlFvdaKu_PkRxINx6cnpmp8s_TBLNewLC4oVFF9dnokFGFTQf9sZTiUYX5NPNHajUXVHljJnyJ8zQEi3-lnr414INkEhC38TxuWURArosywKsZW15iGhS3mIxSj9IlVUdKwIKUDN98FqEX0A","GOOGLE","c(""store"", ""food"", ""point_of_interest"", ""establishment"")","2600 Broadway, New York",40.79592,-73.97039,"TRUE","list()","NULL","Manhattan"
"https://maps.gstatic.com/mapfiles/place_api/icons/shopping-71.png","2e7cfd48506b9eb5a40f268ee9dbc9f158691cfc","Ben & Jerry's","list(height = list(4032), html_attributions = list(""<a href=\""https://maps.google.com/maps/contrib/108212434427506777242/photos\"">Farnoush Tamaddon</a>""), photo_reference = list(""CoQBcwAAAOIb2epMxeSsc77U__GBinK3n2TiIZk0s6EpkNIBnJdZ9p45TpDhvA0jXqvoG5IgmfxzadFi1aLJs9OHeszbA-Dv-ZWkrKROjvAuNMmAeFeS3Bo0ZWW9sderTvE1VE2G4wejS3qfgRSAFIVdJCjU8mvELObzWZxq0Nb_gyJwyEaWEhDwvdybtKxYP3B_5fcsSMcjGhREEap6FX8Xv42nFeSDzPuGIQ0fKg""), width = list(3024))","ChIJ5W8bg1RYwokRcZBEmpzwRYg","1","3.8","CnRhAAAAs2XC2AgwxMbMOUMYkj6IBcD6cH-Y2nNr96JhvLDw5dASOGQaqBepWRuE9FI15owokgDOfrbx3CPqgEomlLMmzn9p8mwpzaSBPRSxdjHY6uZbnDfuCWi5xeoOKmXxk945KX-e4XTbkxiigNswK21-ohIQIAEyQ-kAZSq6grQdZJ9zJxoUFWqeZJCWbxL1Kswp6Fc9OqIn-0E","GOOGLE","c(""bakery"", ""store"", ""food"", ""point_of_interest"", ""establishment"")","30 Concourse Level, Rockefeller Center, New York",40.75894,-73.97935,"FALSE","list()",NA,"Manhattan"
"https://maps.gstatic.com/mapfiles/place_api/icons/shopping-71.png","34b1c97bb67ae2684f98750e9595a1c9c6bc5738","Cold Stone Creamery","list(height = list(1523), html_attributions = list(""<a href=\""https://maps.google.com/maps/contrib/102267758136135750678/photos\"">Cold Stone Creamery</a>""), photo_reference = list(""CoQBcwAAAC9ewpK746lMxoY5zOIVeaJuLOXb9NE5b_QBeuW_dmeU8kCNRxoaVHmxATh_d6aF7DNzkd-NIXhdSZ_MUqmifkIViXcKZsLF_l4_dPRkq5TtS_DibMGKumX03MXpLx0l1hXhA642Zt0AIBXrTLvwvZtqUg9BFl8DWNurtGvjmEDpEhAQ5oJL5PjYWKoKF4hvd1wHGhR_Hw7e2FL4tudVEb7tg-TV9xjniw""), width = list(1110))","ChIJS2acXlNYwokRnbcjLl-biO8","1","3.9","CnRnAAAAexZgjEE4sAiN7pa4akyj2w9WGs4k1Gtp4sShho0FwZlvmFAM0ctUQz2jaEmZ0hi-ynqSz89k2v4wwAPfMUgbhOtJGII3YMxGEODUdY2-d3KECu1Pl-AvxOPQEpGfserbiE3BIKghAqAHvI1GyiZfwRIQZOeHkMxIMWTu_mPvFOUi9BoUEKzKulYlsIEbSFnHhGJaaLqhd9Y","GOOGLE","c(""bakery"", ""store"", ""food"", ""point_of_interest"", ""establishment"")","253 West 42nd Street, New York",40.75702,-73.98862,"TRUE","list()",NA,"Manhattan"
"https://maps.gstatic.com/mapfiles/place_api/icons/shopping-71.png","47a930e31a3df8b97373aa7d34d98b05c0303a75","NYC Yogurt","list(height = list(2048), html_attributions = list(""<a href=\""https://maps.google.com/maps/contrib/106149387916515210222/photos\"">NYC Yogurt</a>""), photo_reference = list(""CoQBcwAAACxM_D1jbZ4x2eHNnb9zFyR21qE7uWwSqrNVOrgYWXNb1r9kIjCqv1JrhGZC8aYrA2kVm5TiP3mgFwTCyckceWIe_FGnva7M0lBMBUnlhHoeJA2wGtWalveY1XwTT2ljpe2SVbeXDCpB0PBAU1ahZx-N-hTChZf3IAK7Zap3dZr1EhD-cLO3p5Minw4DZEt1C_bgGhRIVbKGFVgDfv0CFdBVlZCblsQ56g""), width = list(1365))","ChIJuaKH_1VYwokR9tLgGjt08us","NULL","NULL","CmReAAAAZo3dzlcpcKYeI8aAor3ST8wZN7Omqn23UJjdiY00SOn_yeq_B3kXERdokxGK51VRP5bmV5Hjfp0RXgPCQUpn1j1IoSQZPrAapyYfy2jcteNMEz0QzBAgXeYGd8AO8rH6EhDJgIDDRBbNAJ7myxECKMAkGhQWetxH-gNhtSvjOrpv2mmYmvbFDA","GOOGLE","c(""store"", ""food"", ""point_of_interest"", ""establishment"")","142 West 49th Street, New York",40.76002,-73.98298,"NULL","NULL","TRUE","Manhattan"
"https://maps.gstatic.com/mapfiles/place_api/icons/shopping-71.png","716e485c1186d9b30ae3185d9933d90b0af10a41","Tutti Frutti Frozen Yogurt","list(height = list(500), html_attributions = list(""<a href=\""https://maps.google.com/maps/contrib/101508035911487262905/photos\"">Tutti Frutti Frozen Yogurt</a>""), photo_reference = list(""CoQBcwAAAIo5r_rDBg8vEZCkgIZu9ZKbunOJO0fMG6Wdwx_iI1FH6Y5Z7_ORZxQyYt9N8T879-eqwXvtkNcZIS7d8369uOaavBU-DL-bNCyJgW8-VCzVtn58PVC4iC7hMXp5vDpUNytRMRp-XKGJQErpQf54tAfzQHjbgjBkEsLG_4lblTKBEhCCWPXUsCGFxvEFQVnvzbGqGhTTyby8BY2w7FQelIK2hScosrMSdw""), width = list(750))","ChIJa6kWrldYwokRYj-kUZaV5Z4","2","NULL","CnRuAAAAtBBokCnKZFrm62Jpg_8JksfNAFHx-lYoB87FDk4mBdXBAa9WRAvIuWMbqXlVm4-nWZMjJZ2-5zo0DeZ6Beq3hTPcnIWS8RZsTKgb3MronDJC5TsItx7qjcgfLrqrk-ggS-Pj6x-hWnH8Cdfetp_oERIQT1sp-z3TL6h9wB7i9JSz-RoUa_odrgcJR7NPmjiBS-l5oAUBAx8","GOOGLE","c(""store"", ""food"", ""point_of_interest"", ""establishment"")","856 8th Avenue, New York",40.76312,-73.98525,"NULL","NULL","TRUE","Manhattan"
"https://maps.gstatic.com/mapfiles/place_api/icons/shopping-71.png","7743191d1276a52247f2d8012489ba2931bc28ca","Flavaboom","list(height = list(503), html_attributions = list(""<a href=\""https://maps.google.com/maps/contrib/103384700862203204905/photos\"">Inna Shnaydman</a>""), photo_reference = list(""CoQBcwAAAEYEV2GeatFhH-8NwEb768GfaebJlWV6qD6TCyHW1bhSJE4yo1d6Ml95BCKMrOOfS_kJWYZwVkLeowHp82yIWh9T6v9mqgPkFd9kjIvbvi_DzNxfO8hsaUCv3W1gYJa61itj7SyhysnpFDpLGTyQIWP55EBla5j1Lw2w7h8xL6XREhA4oscrSgvN08GisgDRf8aCGhTW4F4mJ0VKgdDkiUAlL-OCJX4fNw""), width = list(777))","ChIJZSkhKr1ZwokRnnux0kUzMgI","1","4.2","CmRcAAAA-BpN2z0-jVaTVOKjQ3M7xrR97-6DGNb4rZM6uiTbtBsGE66dxymoBQlplf4tYHIriNXoa89Lv63dTG_07XqfUdqmxdC8YURgTbCMvjy7sAJB6clb-GyCwHZHT53gD9qqEhDb9GYp4X8V2rWPjv5ztxG1GhSpdIMxUf2lZAi_MImFtDsQOKUuwg","GOOGLE","c(""cafe"", ""food"", ""store"", ""point_of_interest"", ""establishment"")","600 Avenue of the Americas, New York",40.73945,-73.99506,"NULL","NULL","TRUE","Manhattan"
"https://maps.gstatic.com/mapfiles/place_api/icons/shopping-71.png","41529f9b8f6c25e665c6d1d3e269fc1556e956fb","Pinkberry Columbia","list(height = list(500), html_attributions = list(""<a href=\""https://maps.google.com/maps/contrib/117582173233788281294/photos\"">Pinkberry Columbia</a>""), photo_reference = list(""CoQBcwAAAHcNZfLwZgkscEtFI6Nvag_B4KTGYJyijqBYkDqpJ8Oiy_Pp0iTpl0X3RsnJ6lV1fithYRJx8wlDT0OE1mUpuLPCeBSow58rp9SyFUNSOlpZRH2M-Qjq20sdScfOy-vZj-IA4_GflV5UdJJy8mxxues7bgG-NfcfQUkjydEXyFvVEhAFwCCBk7dW5EnbDEYbWxOKGhQsBbFsNnRouUZXIGl0dO_ceI27Ow""), width = list(500))","ChIJmbPFjzv2wokRI0Ok9Dae4YE","2","4.4","CnRmAAAAXTgrekPK2mw5bjO_ZhRQMcGXcCTXac5mavBYHSgIyFEGx2dqHAsAg5X8uSmxCvtyYZS2_k50JFIJPOkInhnXcW-ZbG0YHIkuk7vPmK0YBb2l-CLtsgTO1N20YDRIMlbaXQ9qYhSS3ueuZuUVfFYW8hIQ1vZlY1CrBXyMGzCGsBMHhxoUMP5SXPoShGS7I2DQ2XmdTCZp0Rw","GOOGLE","c(""store"", ""food"", ""point_of_interest"", ""establishment"")","2873 Broadway, New York",40.80537,-73.96621,"TRUE","list()","NULL","Manhattan"
"https://maps.gstatic.com/mapfiles/place_api/icons/shopping-71.png","643a30a705ed148eb8c075023cb1a2b6c219c07f","Pinkberry","NULL","ChIJKQTAgJtZwokRYiS5k8eni-0","2","NULL","CmRdAAAAa5E5oxABGorJBft6C7AOK0xtzte-rfbNyxOSXrHkqMlmTQtxiH45u7RWgjOtzN9muR46AIkn1eu8Pxbh8ERbdzGru1uJ68iiNCgQvq_h962_herlydXBsdGKC2ZX82F0EhBtyc4YVHsgqXeqxfYxrLdnGhQWp0QmpFgfJqd7g7IEb0jGDZtu7Q","GOOGLE","c(""store"", ""food"", ""point_of_interest"", ""establishment"")","414 Amsterdam Avenue, New York",40.78378,-73.97826,"NULL","NULL","TRUE","Manhattan"
"https://maps.gstatic.com/mapfiles/place_api/icons/generic_business-71.png","854ff899945c7cc2f98516f5755c4ebd7ac40872","Yo Sweets","list(height = list(3264), html_attributions = list(""<a href=\""https://maps.google.com/maps/contrib/104001550627429752126/photos\"">Habichuela Con Dulce</a>""), photo_reference = list(""CoQBdwAAACvPhZJ_isEoqxyQyOtrqChaShFf9z-vvpNEmiNKsWi55NWqVF9AFaRyo3M1a2c-jlP6wUri8-PKOlhNmQFcZAm7o5REr3YbY1w3zOQTzIcYL_ui8zOuPNoja1viS4Crao4YWAJgJe4FXS28TUkUmO2omYeTEw09kznDqaaG7yIKEhBtauO8bYvGxDdRsK5h2eWhGhTcy8KdwF20FUPce8OciwWgGkysfg""), width = list(1836))","ChIJyU2V7qD2wokRCM2DKF06XoA","NULL","4.3","CmRdAAAAV8OuCDkGrcs8bDZK2p1fRuHYWFatHLenjFwxE-cXyhiOhUxtqNXKj2YGyYDT7S0kFDJmMAM9-wuYSW4Hi5x9fBJHNZhXsfMrnoFi0lddLRXudPxcFZ0XQPaGYY1M7AGNEhDUYyMOM2Fqvjw1Fj2CAavDGhRwHmoW6sBkS6OsGyjMzl1mw8_11w","GOOGLE","c(""point_of_interest"", ""establishment"")","756 West 181st Street, New York",40.8507,-73.93786,"NULL","NULL","NULL","Manhattan"
"https://maps.gstatic.com/mapfiles/place_api/icons/shopping-71.png","7dd02bcb04f70a634f5a6fe9fc29369b40787fb7","Go Greenly Inwood","list(height = list(344), html_attributions = list(""<a href=\""https://maps.google.com/maps/contrib/107578367214856080946/photos\"">Go Greenly Inwood</a>""), photo_reference = list(""CoQBcwAAAOnJRdSv7fgkk-45GsYmBlvgbfG-LlnGz7GQ_2KwsKQrMCpWDHngn5lYMGZbyI-ck8eRxvi4uUQg-1EycuF8aUWRRxU7Q-XZQtonvfXMTD6h-dfkZcVmvzMoqbxE7HTWBADLZy4UxMC63fxk696GD4gTRSSfhibBuC7_bBdXUyPkEhCFv-zSszCZ5uAXyKYwPI00GhQuRQNXI_w1XQiSD29lIFsh48Yg1w""), width = list(343))","ChIJVxcuH_jzwokRKq0tSVsROys","NULL","4.2","CnRkAAAAPzhOuu9t0EsdXKgLXvdSjZ9jgelUVfSxureE5oC-Fw_ZC98a0SWOAl70u6a6f-DcsW7ARrxHxRvfPGTDaNsdGavRiRk9ZRfcKjg2rXBA5lMO8P7zOXyGzOiuXlq5XWk8XITL3Eq9psM9iQyAixyb2BIQ2LiG8mJZ27ELBB5JY7AgJhoU7yiLexSbTVNEMcNOPPpbb3VpqcY","GOOGLE","c(""store"", ""cafe"", ""food"", ""point_of_interest"", ""establishment"")","4865D Broadway, Inwood",40.86693,-73.92395,"FALSE","list()","NULL","Manhattan"
"https://maps.gstatic.com/mapfiles/place_api/icons/shopping-71.png","d7d2478fef7295abf9516415f7773e8ac034c506","Dolce Vida Frozen Yogurt Inc","list(height = list(611), html_attributions = list(""<a href=\""https://maps.google.com/maps/contrib/101832861248459046963/photos\"">Dolce Vida Frozen Yogurt Inc</a>""), photo_reference = list(""CoQBcwAAABxfzEnXBgcsWM3tdxADQlAK2nx-9_if2Vu__z8iEpyCRyOj27w5BiZg8TMU31uweIGHySLt_BK3JiYUvSPFg2fVSOys4yOVJhLxamV2B4WwgSSpe3d8FGXc1zXJNU4q3pOeuiuScH9sjmdqEBR8q-925RLkCwFJWAKkYrGvfu8bEhCLbitETwNadeaRXb5HFhPPGhSCovazQOZUJtvCfxZxck1BEW81Fg""), width = list(612))","ChIJQ9s6ofbzwokRKn8buGfxHlQ","NULL","4.5","CnRvAAAA91wQeeyYyGBJCGxT62zbD5AMI9Ioux0PG2a7qoc5n84mg9TU0GTbMFyj1vhwM4DHH3k1q6q_csVRHXw1NMJ3VgOFMWGquKDnicdIlUeaNbKN_otJV6udIk9OANn2A4yF3FD3lZ4ZAOvUa5ILRq1w8BIQPDhfvZlfhVf8VjktJQAxjxoUqtw9RWDDLIa_EXmIPOkblM8bAJM","GOOGLE","c(""restaurant"", ""store"", ""cafe"", ""food"", ""point_of_interest"", ""establishment"")","4996 Broadway, New York",40.86826,-73.91866,"TRUE","list()",NA,"Manhattan"
